{
    "metadata": {
        "vertices": 96,
        "version": 3,
        "normals": 21,
        "generator": "io_three",
        "faces": 60,
        "type": "Geometry",
        "uvs": 1
    },
    "normals": [-0.999817,0,0.018342,0.009796,0,0.999939,0,-1,0,0,-0.999969,0,-0.203772,0,-0.979003,-0.977416,0,0.211249,-0.232612,0,-0.972564,0,0.999969,0,0,1,0,0.979675,0,-0.200507,-0.218268,0,-0.97586,0.977569,0,-0.210486,0,-0.996521,0.083102,0.210486,0,0.977569,0.977599,0,-0.210334,0.198431,0,0.980102,0.999939,0,-0.009796,0,-0.447188,0.894406,-0.977569,0,0.210486,-0.210486,0,-0.977569,-0.209632,0,-0.977752],
    "faces": [40,0,1,2,0,1,2,0,0,0,40,1,0,3,1,0,3,0,0,0,40,4,5,6,4,5,6,1,1,1,40,5,4,7,5,4,7,1,1,1,40,8,9,10,8,9,10,2,2,2,40,11,9,8,11,9,8,2,2,2,40,11,12,9,11,12,9,2,3,2,40,11,13,12,11,13,12,2,2,3,40,13,11,14,13,11,14,2,2,2,40,15,16,17,15,16,17,4,4,4,40,16,15,18,16,15,18,4,4,4,40,19,20,21,19,20,21,5,5,5,40,20,19,22,20,19,22,5,5,5,40,23,24,25,23,24,25,6,6,6,40,24,23,26,24,23,26,6,6,6,40,27,28,29,27,28,29,7,7,8,40,30,28,27,30,28,27,8,7,7,40,30,31,28,30,31,28,8,8,7,40,32,31,30,32,31,30,7,8,8,40,33,31,32,33,31,32,8,8,7,40,31,33,34,31,33,34,8,8,7,40,35,36,37,35,36,37,9,9,9,40,36,35,38,36,35,38,9,9,9,40,39,40,41,39,40,41,10,10,10,40,40,39,42,40,39,42,10,10,10,40,43,44,45,43,44,45,11,11,11,40,44,43,46,44,43,46,11,11,11,40,33,47,48,33,47,48,8,8,8,40,32,47,33,32,47,33,7,8,8,40,49,47,32,49,47,32,8,8,7,40,50,47,49,50,47,49,8,8,8,40,50,51,47,50,51,47,8,12,8,40,50,52,51,50,52,51,8,7,12,40,53,52,50,53,52,50,7,7,8,40,52,53,54,52,53,54,7,7,8,40,55,56,57,55,56,57,11,11,11,40,56,55,58,56,55,58,11,11,11,40,59,60,61,59,60,61,3,3,2,40,60,59,62,60,59,62,3,3,2,40,63,64,65,63,64,65,13,13,13,40,64,63,66,64,63,66,13,13,13,40,67,68,69,67,68,69,14,14,14,40,68,67,70,68,67,70,14,14,14,40,71,72,73,71,72,73,15,15,15,40,72,71,74,72,71,74,15,15,15,40,75,76,77,75,76,77,16,16,16,40,76,75,78,76,75,78,16,16,16,40,79,80,12,79,80,12,2,2,3,40,79,62,80,79,62,80,2,2,2,40,81,62,79,81,62,79,17,2,2,40,60,62,81,60,62,81,3,2,17,40,82,83,84,82,83,84,18,18,18,40,83,82,85,83,82,85,18,18,18,40,86,87,88,86,87,88,19,19,19,40,87,86,89,87,86,89,19,19,19,40,90,91,92,90,91,92,20,20,20,40,91,90,93,91,90,93,20,20,20,40,79,12,13,79,12,13,2,3,2,40,13,94,79,13,94,79,2,2,2,40,8,10,95,8,10,95,2,2,3],
    "uvs": [[-2.6571e+06,1e-06,-3.03414e+06,213166,-3.03414e+06,2e-06,-2.6571e+06,213166,-2.01052e+06,1e-06,-1.44431e+06,213166,-2.01052e+06,213166,-1.44431e+06,1e-06,-998401,-3.44106e+06,-681712,-2.93103e+06,-1.2271e+06,-3.0832e+06,-972014,-3.82264e+06,-644019,-3.06614e+06,-563335,-3.69541e+06,-555699,-3.79067e+06,1.26192e+06,2e-06,844379,213166,844379,2e-06,1.26192e+06,213166,-3.36398e+06,3e-06,-3.74648e+06,213166,-3.74648e+06,3e-06,-3.36398e+06,213166,1.29002e+06,2e-06,1.15939e+06,213166,1.15939e+06,2e-06,1.29002e+06,213166,1.2271e+06,-3.0832e+06,998401,-3.44106e+06,1.12889e+06,-3.44721e+06,681712,-2.93103e+06,972014,-3.82264e+06,644019,-3.06614e+06,563335,-3.69541e+06,555699,-3.79067e+06,3.63857e+06,2e-06,3.73414e+06,213166,3.63857e+06,213166,3.73414e+06,2e-06,632670,213166,790610,2e-06,790610,213166,632670,1e-06,3.64837e+06,213166,3.57746e+06,2e-06,3.64837e+06,2e-06,3.57746e+06,213166,410644,-3.61491e+06,405697,-3.68565e+06,-582050,-2.96523e+06,-598316,-3.19731e+06,-622465,-3.54266e+06,-625692,-3.5888e+06,-873279,-3.17808e+06,-900638,-3.56934e+06,3.23126e+06,2e-06,3.62347e+06,213166,3.23126e+06,213166,3.62347e+06,2e-06,873279,-3.17808e+06,625692,-3.5888e+06,900638,-3.56934e+06,598316,-3.19731e+06,649460,213166,373825,1e-06,649460,0,373825,213166,3.23132e+06,213166,2.99867e+06,2e-06,3.23132e+06,2e-06,2.99867e+06,213166,336876,213166,-893337,1e-06,336876,1e-06,-893337,213166,2.78028e+06,213166,2.64001e+06,1e-06,2.78028e+06,1e-06,2.64001e+06,213166,-410644,-3.61491e+06,582050,-2.96523e+06,622465,-3.54266e+06,-3.57746e+06,2e-06,-3.62371e+06,213166,-3.62371e+06,2e-06,-3.57746e+06,213166,661807,1e-06,-373825,213166,-373825,1e-06,661807,213166,-646355,213166,-370721,1e-06,-370721,213166,-646355,0,-405697,-3.68565e+06,-1.12889e+06,-3.44721e+06]],
    "vertices": [0.01806,0.973503,-0.587261,0.010114,1.21808,-1.01977,0.010114,0.973503,-1.01977,0.01806,1.21808,-0.587261,0.01806,0.973503,-0.587261,0.667668,1.21808,-0.59364,0.01806,1.21808,-0.587261,0.667668,0.973503,-0.59364,0.155879,0.973503,-1.05463,0.667668,0.973503,-0.59364,0.01806,0.973503,-0.587261,0.063169,0.973503,-1.48358,0.666087,0.973503,-0.754561,0.554162,0.973503,-1.4738,0.532175,0.973503,-1.58122,0.063169,0.973503,-1.48358,0.532175,1.21808,-1.58122,0.532175,0.973503,-1.58122,0.063169,1.21808,-1.48358,0.155879,0.973503,-1.05463,0.063169,1.21808,-1.48358,0.063169,0.973503,-1.48358,0.155879,1.21808,-1.05463,0.010114,0.973503,-1.01977,0.155879,1.21808,-1.05463,0.155879,0.973503,-1.05463,0.010114,1.21808,-1.01977,0.01806,1.21808,-0.587261,0.155879,1.21808,-1.05463,0.010114,1.21808,-1.01977,0.667668,1.21808,-0.59364,0.063169,1.21808,-1.48358,0.666087,1.21808,-0.754561,0.554162,1.21808,-1.4738,0.532175,1.21808,-1.58122,0.554162,0.973503,-1.4738,0.532175,1.21808,-1.58122,0.554162,1.21808,-1.4738,0.532175,0.973503,-1.58122,0.731002,1.21808,-1.51336,0.554162,0.973503,-1.4738,0.554162,1.21808,-1.4738,0.731002,0.973503,-1.51336,0.731002,1.21808,-1.51336,0.748129,0.973503,-1.43382,0.731002,0.973503,-1.51336,0.748129,1.21808,-1.43382,0.748129,1.21808,-1.43382,0.731002,1.21808,-1.51336,2.04948,1.21808,-1.03468,1.99334,1.21808,-1.29564,1.90972,1.21808,-1.68394,1.89855,1.21808,-1.73582,2.30249,1.21808,-1.36221,2.20777,1.21808,-1.80212,2.30249,0.973503,-1.36221,2.20777,1.21808,-1.80212,2.30249,1.21808,-1.36221,2.20777,0.973503,-1.80212,2.30249,0.973503,-1.36221,1.89855,0.973503,-1.73582,2.20777,0.973503,-1.80212,1.99334,0.973503,-1.29564,2.30249,1.21808,-1.36221,1.99334,0.973503,-1.29564,2.30249,0.973503,-1.36221,1.99334,1.21808,-1.29564,1.99334,1.21808,-1.29564,2.04948,0.973503,-1.03468,1.99334,0.973503,-1.29564,2.04948,1.21808,-1.03468,2.04948,1.21808,-1.03468,0.666087,0.973503,-0.754561,2.04948,0.973503,-1.03468,0.666087,1.21808,-0.754561,0.666087,1.21808,-0.754561,0.667668,0.973503,-0.59364,0.666087,0.973503,-0.754561,0.667668,1.21808,-0.59364,0.748129,0.973503,-1.43382,2.04948,0.973503,-1.03468,1.90972,0.973503,-1.68394,1.90972,0.973503,-1.68394,1.89855,1.21808,-1.73582,1.89855,0.973503,-1.73582,1.90972,1.21808,-1.68394,0.748129,0.973503,-1.43382,1.90972,1.21808,-1.68394,1.90972,0.973503,-1.68394,0.748129,1.21808,-1.43382,2.20777,1.21808,-1.80212,1.89855,0.973503,-1.73582,1.89855,1.21808,-1.73582,2.20777,0.973503,-1.80212,0.731002,0.973503,-1.51336,0.010114,0.973503,-1.01977],
    "name": "Mesh02.001Geometry"
}
