{
    "metadata": {
        "vertices": 106,
        "version": 3,
        "normals": 22,
        "generator": "io_three",
        "faces": 68,
        "type": "Geometry",
        "uvs": 1
    },
    "normals": [-0.999908,0,0.011658,-0.999969,0,0.003113,0.003113,0,0.999969,0,-0.999969,0,0,-1,0,-0.197211,0,-0.980346,-0.97882,0,0.204688,-0.226081,0,-0.97409,0,0.999969,0,0,1,0,0.980987,0,-0.193945,-0.211737,0,-0.977294,0.978973,0,-0.203925,-0.008698,0.999939,0,0.203925,0,0.978973,0.979003,0,-0.203772,0.19187,0,0.981414,0.999969,0,-0.003113,0.004334,-0.999969,0,-0.978973,0,0.203925,-0.203925,0,-0.978973,-0.203101,0,-0.979156],
    "faces": [40,0,1,2,0,1,2,0,0,0,40,1,0,3,1,0,3,0,0,0,40,4,5,6,4,5,6,1,1,1,40,5,4,7,5,4,7,1,1,1,40,8,9,10,8,9,10,2,2,2,40,9,8,11,9,8,11,2,2,2,40,12,13,14,12,13,14,3,4,4,40,15,13,12,15,13,12,3,4,3,40,15,16,13,15,16,13,3,4,4,40,15,17,16,15,17,16,3,4,4,40,15,18,17,15,18,17,3,4,4,40,18,15,19,18,15,19,4,3,4,40,20,21,22,20,21,22,5,5,5,40,21,20,23,21,20,23,5,5,5,40,24,25,26,24,25,26,6,6,6,40,25,24,27,25,24,27,6,6,6,40,28,29,30,28,29,30,7,7,7,40,29,28,31,29,28,31,7,7,7,40,32,33,34,32,33,34,8,8,9,40,35,33,32,35,33,32,9,8,8,40,36,33,35,36,33,35,9,8,9,40,36,37,33,36,37,33,9,8,8,40,38,37,36,38,37,36,9,8,9,40,39,37,38,39,37,38,9,8,9,40,40,37,39,40,37,39,9,8,9,40,37,40,41,37,40,41,8,9,9,40,42,43,44,42,43,44,10,10,10,40,43,42,45,43,42,45,10,10,10,40,46,47,48,46,47,48,11,11,11,40,47,46,49,47,46,49,11,11,11,40,50,51,52,50,51,52,12,12,12,40,51,50,53,51,50,53,12,12,12,40,40,54,55,40,54,55,9,9,9,40,39,54,40,39,54,40,9,9,9,40,56,54,39,56,54,39,9,9,9,40,57,54,56,57,54,56,9,9,9,40,57,58,54,57,58,54,9,13,9,40,57,59,58,57,59,58,9,9,13,40,60,59,57,60,59,57,9,9,9,40,59,60,61,59,60,61,9,9,8,40,62,63,64,62,63,64,12,12,12,40,63,62,65,63,62,65,12,12,12,40,66,67,68,66,67,68,4,4,3,40,67,66,69,67,66,69,4,4,4,40,70,71,72,70,71,72,14,14,14,40,71,70,73,71,70,73,14,14,14,40,74,75,76,74,75,76,15,15,15,40,75,74,77,75,74,77,15,15,15,40,78,79,80,78,79,80,16,16,16,40,79,78,81,79,78,81,16,16,16,40,82,83,84,82,83,84,17,17,17,40,83,82,85,83,82,85,17,17,17,40,85,86,83,85,86,83,17,17,17,40,86,85,87,86,85,87,17,17,17,40,88,89,17,88,89,17,4,4,4,40,88,69,89,88,69,89,4,4,4,40,90,69,88,90,69,88,18,4,4,40,67,69,90,67,69,90,4,4,18,40,91,92,93,91,92,93,19,19,19,40,92,91,94,92,91,94,19,19,19,40,95,96,97,95,96,97,20,20,20,40,96,95,98,96,95,98,20,20,20,40,99,100,101,99,100,101,21,21,21,40,100,99,102,100,99,102,21,21,21,40,88,17,18,88,17,18,4,4,4,40,18,103,88,18,103,88,4,4,4,40,12,104,105,12,104,105,3,3,4,40,12,14,104,12,14,104,3,4,3],
    "uvs": [[-478603,5525.33,-914102,251748,-914102,5525.33,-478603,251748,112517,5525.33,-477970,251748,-477970,5525.33,112517,251748,-76027.1,5525.33,577994,251748,-76027.1,251748,577994,5525.33,319380,-894175,526494,263706,-103468,87947.2,349859,-1.33494e+06,685179,-305060,728718,-461115,821914,-1.18797e+06,830735,-1.298e+06,-246594,5525.33,-728886,251748,-728886,5525.33,-246594,251748,-914078,5525.33,-1.35589e+06,251748,-1.35589e+06,5525.33,-914078,251748,-126017,5525.33,-276904,251748,-276904,5525.33,-126017,251748,-55217.2,-480819,-319380,-894175,-168661,-901283,103468,87947.2,-526494,263706,-349859,-1.33494e+06,-685179,-305060,-728718,-461115,-821914,-1.18797e+06,-830735,-1.298e+06,1.24985e+06,5525.33,1.36024e+06,251748,1.24985e+06,251748,1.36024e+06,5525.33,-929367,251748,-746934,5525.33,-746934,251748,-929367,5525.33,1.24387e+06,251748,1.16195e+06,5525.33,1.24387e+06,5525.33,1.16195e+06,251748,-998284,-1.09498e+06,-1.004e+06,-1.1767e+06,-2.14492e+06,-344563,-2.16371e+06,-612632,-2.1916e+06,-1.01154e+06,-2.19533e+06,-1.06483e+06,-2.48131e+06,-590423,-2.51291e+06,-1.04235e+06,762073,5525.33,1.21511e+06,251748,762073,251748,1.21511e+06,5525.33,2.48131e+06,-590423,2.19533e+06,-1.06483e+06,2.51291e+06,-1.04235e+06,2.16371e+06,-612632,2.43408e+06,251748,2.1157e+06,5525.33,2.43408e+06,5525.33,2.1157e+06,251748,762415,251748,493689,5525.33,762415,5525.33,493689,251748,2.10943e+06,251748,688442,5525.33,2.10943e+06,5525.33,688442,251748,639984,251748,477970,5525.33,639984,5525.33,477970,251748,-112517,5525.33,-112517,251748,998284,-1.09498e+06,2.14492e+06,-344563,2.1916e+06,-1.01154e+06,-1.16195e+06,5525.33,-1.21538e+06,251748,-1.21538e+06,5525.33,-1.16195e+06,251748,-919470,5525.33,-2.1157e+06,251748,-2.1157e+06,5525.33,-919470,251748,-2.43304e+06,251748,-2.11466e+06,5525.33,-2.11466e+06,251748,-2.43304e+06,5525.33,1.004e+06,-1.1767e+06,55217.2,-480819,168661,-901283]],
    "vertices": [-0.000247,0.247556,-0.596807,-0.00533,0.493779,-1.03228,-0.00533,0.247556,-1.03228,-0.000247,0.493779,-0.596807,0.001596,0.247556,-0.006322,-0.000247,0.493779,-0.596807,-0.000247,0.247556,-0.596807,0.001596,0.493779,-0.006322,0.001596,0.247556,-0.006322,0.655613,0.493779,-0.008363,0.001596,0.493779,-0.006322,0.655613,0.247556,-0.008363,0.14165,0.247556,-1.06639,0.655613,0.247556,-0.008363,0.001596,0.247556,-0.006322,0.051209,0.247556,-1.49885,0.65377,0.247556,-0.598848,0.653265,0.247556,-0.760862,0.545437,0.247556,-1.48569,0.524026,0.247556,-1.59398,0.051209,0.247556,-1.49885,0.524026,0.493779,-1.59398,0.524026,0.247556,-1.59398,0.051209,0.493779,-1.49885,0.14165,0.247556,-1.06639,0.051209,0.493779,-1.49885,0.051209,0.247556,-1.49885,0.14165,0.493779,-1.06639,-0.00533,0.247556,-1.03228,0.14165,0.493779,-1.06639,0.14165,0.247556,-1.06639,-0.00533,0.493779,-1.03228,-0.000247,0.493779,-0.596807,0.14165,0.493779,-1.06639,-0.00533,0.493779,-1.03228,0.001596,0.493779,-0.006322,0.655613,0.493779,-0.008363,0.051209,0.493779,-1.49885,0.65377,0.493779,-0.598848,0.653265,0.493779,-0.760862,0.545437,0.493779,-1.48569,0.524026,0.493779,-1.59398,0.545437,0.247556,-1.48569,0.524026,0.493779,-1.59398,0.545437,0.493779,-1.48569,0.524026,0.247556,-1.59398,0.723732,0.493779,-1.52432,0.545437,0.247556,-1.48569,0.545437,0.493779,-1.48569,0.723732,0.247556,-1.52432,0.723732,0.493779,-1.52432,0.740438,0.247556,-1.44413,0.723732,0.247556,-1.52432,0.740438,0.493779,-1.44413,0.740438,0.493779,-1.44413,0.723732,0.493779,-1.52432,2.04785,0.493779,-1.03354,1.99308,0.493779,-1.29662,1.91153,0.493779,-1.6881,1.90063,0.493779,-1.7404,2.30477,0.493779,-1.36156,2.21238,0.493779,-1.80507,2.30477,0.247556,-1.36156,2.21238,0.493779,-1.80507,2.30477,0.493779,-1.36156,2.21238,0.247556,-1.80507,2.30477,0.247556,-1.36156,1.90063,0.247556,-1.7404,2.21238,0.247556,-1.80507,1.99308,0.247556,-1.29662,2.30477,0.493779,-1.36156,1.99308,0.247556,-1.29662,2.30477,0.247556,-1.36156,1.99308,0.493779,-1.29662,1.99308,0.493779,-1.29662,2.04785,0.247556,-1.03354,1.99308,0.247556,-1.29662,2.04785,0.493779,-1.03354,2.04785,0.493779,-1.03354,0.653265,0.247556,-0.760862,2.04785,0.247556,-1.03354,0.653265,0.493779,-0.760862,0.653265,0.493779,-0.760862,0.65377,0.247556,-0.598848,0.653265,0.247556,-0.760862,0.65377,0.493779,-0.598848,0.655613,0.247556,-0.008363,0.655613,0.493779,-0.008363,0.740438,0.247556,-1.44413,2.04785,0.247556,-1.03354,1.91153,0.247556,-1.6881,1.91153,0.247556,-1.6881,1.90063,0.493779,-1.7404,1.90063,0.247556,-1.7404,1.91153,0.493779,-1.6881,0.740438,0.247556,-1.44413,1.91153,0.493779,-1.6881,1.91153,0.247556,-1.6881,0.740438,0.493779,-1.44413,2.21238,0.493779,-1.80507,1.90063,0.247556,-1.7404,1.90063,0.493779,-1.7404,2.21238,0.247556,-1.80507,0.723732,0.247556,-1.52432,-0.000247,0.247556,-0.596807,-0.00533,0.247556,-1.03228],
    "name": "Mesh02Geometry.1"
}
