{
    "metadata": {
        "vertices": 100,
        "version": 3,
        "normals": 10,
        "generator": "io_three",
        "faces": 64,
        "type": "Geometry",
        "uvs": 1
    },
    "normals": [0.011261,0,0.999908,0,1,0,0,0.999969,0,0.999908,0,-0.011261,0,-1,0,-0.011261,0,-0.999908,-0.999908,0,0.011261,0.011658,0,0.999908,0.999207,0,0.039186,0,-0.999969,0],
    "faces": [40,0,1,2,0,1,2,0,0,0,40,1,0,3,1,0,3,0,0,0,40,4,5,6,4,5,6,1,1,1,40,4,7,5,4,7,5,1,1,1,40,8,7,4,8,7,4,1,1,1,40,9,7,8,9,7,8,2,1,1,40,10,7,9,10,7,9,1,1,2,40,11,7,10,11,7,10,1,1,1,40,7,11,12,7,11,12,1,1,1,40,13,14,15,13,14,15,3,3,3,40,14,13,16,14,13,16,3,3,3,40,17,18,19,17,18,19,4,4,4,40,18,17,20,18,17,20,4,4,4,40,17,21,20,17,21,20,4,4,4,40,17,22,21,17,22,21,4,4,4,40,22,17,23,22,17,23,4,4,4,40,24,25,26,24,25,26,5,5,5,40,25,24,27,25,24,27,5,5,5,40,11,28,29,11,28,29,1,1,1,40,28,11,30,28,11,30,1,1,1,40,30,11,10,30,11,10,1,1,1,40,31,32,33,31,32,33,0,0,0,40,32,31,34,32,31,34,0,0,0,40,35,36,37,35,36,37,6,6,6,40,36,35,38,36,35,38,6,6,6,40,39,40,41,39,40,41,7,7,7,40,40,39,42,40,39,42,7,7,7,40,22,43,44,22,43,44,4,4,4,40,43,22,45,43,22,45,4,4,4,40,46,47,48,26,46,47,5,5,5,40,47,46,49,46,26,25,5,5,5,40,50,51,52,48,15,49,3,3,3,40,51,50,53,15,48,13,3,3,3,40,28,54,55,28,50,51,1,1,1,40,54,28,56,50,28,52,1,1,1,40,56,28,30,52,28,30,1,1,1,40,57,58,59,53,54,55,8,8,8,40,58,57,60,54,53,56,8,8,8,40,22,44,21,22,44,21,4,4,4,40,61,62,63,57,58,59,3,3,3,40,62,61,64,58,57,60,3,3,3,40,65,66,67,0,31,33,0,0,0,40,66,65,68,31,0,2,0,0,0,40,69,70,71,60,61,58,3,3,3,40,70,69,72,61,60,62,3,3,3,40,18,73,74,18,63,64,4,4,4,40,18,75,73,18,65,63,4,9,4,40,18,20,75,18,20,65,4,4,9,40,18,74,76,18,64,66,4,4,4,40,76,74,77,66,64,67,4,4,4,40,78,79,80,68,69,70,6,6,6,40,79,78,81,69,68,71,6,6,6,40,82,83,84,3,72,1,0,0,0,40,83,82,85,72,3,73,0,0,0,40,5,86,87,5,74,75,1,1,2,40,86,5,7,74,5,7,1,1,1,40,88,89,90,76,77,78,6,6,6,40,89,88,91,77,76,79,6,6,6,40,92,93,94,27,80,81,5,5,5,40,93,92,95,80,27,24,5,5,5,40,76,96,18,66,82,18,4,4,4,40,96,76,97,82,66,83,4,4,9,40,98,90,89,70,78,77,6,6,6,40,90,98,99,78,70,69,6,6,6],
    "uvs": [[557579,247122,98593.4,899.229,557579,899.229,98593.4,247122,-76858.9,1.79934e+06,240596,1.22923e+06,365243,1.676e+06,110017,89566.1,-111528,1.67508e+06,-288223,1.72438e+06,-307461,1.65543e+06,-316361,995020,-519945,265325,-873400,899.229,-115837,247122,-873400,247122,-115837,899.229,316361,995020,-110017,89566.1,519945,265325,307461,1.65543e+06,1.44233e+06,1.97205e+06,1.62158e+06,1.61484e+06,1.68776e+06,1.37764e+06,-572120,899.229,-1.99589e+06,247122,-1.99589e+06,899.229,-572120,247122,-1.62158e+06,1.61484e+06,-1.68776e+06,1.37764e+06,-1.44233e+06,1.97205e+06,741022,899.229,1.91923e+06,247122,741022,247122,1.91923e+06,899.229,1.58349e+06,899.229,1.5119e+06,247122,1.5119e+06,899.229,1.58349e+06,247122,1.91862e+06,899.229,2.26892e+06,247122,1.91862e+06,247122,2.26892e+06,899.229,1.76055e+06,2.13502e+06,1.42309e+06,2.04101e+06,1.90773e+06,1.69468e+06,-2.29298e+06,247122,-2.29298e+06,899.229,-1.11966e+06,899.229,-1.11966e+06,247122,-1.76055e+06,2.13502e+06,-1.90773e+06,1.69468e+06,-1.42309e+06,2.04101e+06,-1.46679e+06,899.229,-1.0025e+06,247122,-1.46679e+06,247122,-1.0025e+06,899.229,-1.5119e+06,247122,-1.58349e+06,899.229,-1.5119e+06,899.229,-1.58349e+06,247122,-1.7125e+06,899.229,-1.7125e+06,247122,111528,1.67508e+06,76858.9,1.79934e+06,288223,1.72438e+06,-240596,1.22923e+06,-365243,1.676e+06,1.7125e+06,899.229,1.24867e+06,247122,1.24867e+06,899.229,1.7125e+06,247122,-81900.4,899.229,-81900.4,247122,268702,658332,414450,1.18073e+06,115837,247122,706325,899.229,706325,247122,115837,899.229,81900.4,899.229,81900.4,247122,-268702,658332,-414450,1.18073e+06]],
    "vertices": [0.659522,0.494364,1.58829,0.200565,0.248141,1.59347,0.659522,0.248141,1.58829,0.200565,0.494364,1.59347,0.659522,0.494364,1.58829,0.195335,0.494364,1.12967,0.200565,0.494364,1.59347,0.002078,0.494364,-0.001058,0.658067,0.494364,1.45929,0.841499,0.494364,1.45722,0.840692,0.494364,1.38564,0.6646,0.494364,0.749082,0.656057,0.494364,-0.008433,0.6646,0.248141,0.749082,0.656057,0.494364,-0.008433,0.6646,0.494364,0.749082,0.656057,0.248141,-0.008433,0.6646,0.248141,0.749082,0.002078,0.248141,-0.001058,0.656057,0.248141,-0.008433,0.840692,0.248141,1.38564,2.01883,0.248141,1.37235,2.09106,0.248141,0.979275,2.08828,0.248141,0.733026,0.6646,0.248141,0.749082,2.08828,0.494364,0.733026,2.08828,0.248141,0.733026,0.6646,0.494364,0.749082,2.09106,0.494364,0.979275,2.08828,0.494364,0.733026,2.01883,0.494364,1.37235,0.840692,0.248141,1.38564,2.01883,0.494364,1.37235,0.840692,0.494364,1.38564,2.01883,0.248141,1.37235,2.01964,0.248141,1.44394,2.01883,0.494364,1.37235,2.01883,0.248141,1.37235,2.01964,0.494364,1.44394,2.01964,0.248141,1.44394,2.36992,0.494364,1.43985,2.01964,0.494364,1.44394,2.36992,0.248141,1.43985,2.36992,0.248141,1.43985,2.01964,0.248141,1.44394,2.38812,0.248141,0.975924,2.09106,0.248141,0.979275,2.38812,0.494364,0.975924,2.38812,0.248141,0.975924,2.09106,0.494364,0.979275,2.09106,0.248141,0.979275,2.08828,0.494364,0.733026,2.09106,0.494364,0.979275,2.08828,0.248141,0.733026,2.36992,0.494364,1.43985,2.38812,0.494364,0.975924,2.01964,0.494364,1.44394,2.36992,0.248141,1.43985,2.38812,0.494364,0.975924,2.36992,0.494364,1.43985,2.38812,0.248141,0.975924,0.840692,0.494364,1.38564,0.841499,0.248141,1.45722,0.840692,0.248141,1.38564,0.841499,0.494364,1.45722,0.658067,0.494364,1.45929,0.841499,0.248141,1.45722,0.841499,0.494364,1.45722,0.658067,0.248141,1.45929,0.658067,0.494364,1.45929,0.659522,0.248141,1.58829,0.658067,0.248141,1.45929,0.659522,0.494364,1.58829,0.658067,0.248141,1.45929,0.659522,0.248141,1.58829,0.841499,0.248141,1.45722,0.195335,0.248141,1.12967,0.200565,0.248141,1.59347,0.200565,0.248141,1.59347,0.195335,0.494364,1.12967,0.195335,0.248141,1.12967,0.200565,0.494364,1.59347,0.195335,0.494364,1.12967,0.014853,0.248141,1.1317,0.195335,0.248141,1.12967,0.014853,0.494364,1.1317,0.008737,0.494364,0.589392,0.014853,0.494364,1.1317,0.002078,0.494364,-0.001058,0.008737,0.248141,0.589392,0.008737,0.494364,0.589392,0.002078,0.248141,-0.001058,0.656057,0.494364,-0.008433,0.002078,0.248141,-0.001058,0.002078,0.494364,-0.001058,0.656057,0.248141,-0.008433,0.008737,0.248141,0.589392,0.014853,0.248141,1.1317,0.014853,0.248141,1.1317,0.014853,0.494364,1.1317],
    "name": "Mesh01Geometry.1"
}
