{
    "metadata": {
        "vertices": 96,
        "version": 3,
        "normals": 15,
        "generator": "io_three",
        "faces": 60,
        "type": "Geometry",
        "uvs": 1
    },
    "normals": [0.000275,0,0.999969,0,0.999969,0,0,1,0,0.999969,0,-0.000275,0,-1,0,0,-0.999969,0,-0.000275,0,-0.999969,-0.000275,0,-1,0.000275,0,1,-0.999969,0,0.000275,-1,0,0.000275,0.000671,0,0.999969,0.998718,0,0.050142,1,0,-0.000275,-0.003082,0,-0.999969],
    "faces": [40,0,1,2,0,1,2,0,0,0,40,1,0,3,1,0,3,0,0,0,40,4,5,6,4,5,6,1,2,2,40,5,7,6,5,7,6,2,2,2,40,8,7,5,8,7,5,2,2,2,40,9,7,8,9,7,8,2,2,2,40,10,7,9,10,7,9,2,2,2,40,11,7,10,11,7,10,2,2,2,40,7,11,12,7,11,12,2,2,2,40,13,14,15,13,14,15,3,3,3,40,14,13,16,14,13,16,3,3,3,40,17,18,19,17,18,19,4,4,4,40,18,17,20,18,17,20,4,4,4,40,17,21,20,17,21,20,4,4,4,40,17,22,21,17,22,21,4,5,4,40,22,17,23,22,17,23,5,4,4,40,24,25,26,24,25,26,6,6,7,40,25,24,27,25,24,27,6,6,6,40,11,28,29,11,28,29,2,2,2,40,28,11,30,28,11,30,2,2,2,40,30,11,10,30,11,10,2,2,2,40,31,32,33,31,32,33,8,0,0,40,32,31,34,32,31,34,0,8,0,40,35,36,37,35,36,37,9,9,9,40,36,35,38,36,35,38,9,9,10,40,39,40,41,39,40,41,11,11,11,40,40,39,42,40,39,42,11,11,11,40,22,43,44,22,43,44,5,4,5,40,43,22,45,43,22,45,4,5,4,40,46,47,48,46,47,48,7,7,7,40,47,46,49,47,46,25,7,7,6,40,50,51,52,49,15,50,3,3,3,40,51,50,53,15,49,51,3,3,3,40,28,54,55,28,52,53,2,2,2,40,54,28,56,52,28,54,2,2,2,40,56,28,30,54,28,30,2,2,2,40,57,58,59,55,56,57,12,12,12,40,58,57,60,56,55,58,12,12,12,40,22,44,21,22,44,21,5,5,4,40,61,62,63,59,60,61,3,3,13,40,62,61,64,60,59,62,3,3,3,40,65,66,67,0,63,33,8,8,0,40,66,65,68,63,0,64,8,8,0,40,69,70,71,62,65,66,3,3,3,40,70,69,72,65,62,67,3,3,3,40,18,73,74,18,68,69,4,4,4,40,18,75,73,18,70,68,4,4,4,40,18,20,75,18,20,70,4,4,4,40,18,74,76,18,69,71,4,4,4,40,77,76,74,72,71,69,5,4,4,40,78,79,80,73,74,75,10,9,10,40,79,78,81,74,73,76,9,10,9,40,82,83,84,3,77,78,0,0,0,40,83,82,85,77,3,79,0,0,0,40,6,7,86,6,7,80,2,2,2,40,87,88,89,81,82,74,9,9,9,40,88,87,90,82,81,83,9,9,9,40,91,92,93,84,85,86,14,14,14,40,92,91,94,85,84,87,14,14,14,40,18,76,95,18,71,88,4,4,4],
    "uvs": [[-1.98385e+06,213166,-2.38122e+06,3e-06,-1.98385e+06,3e-06,-2.38122e+06,213166,2.29263e+06,-643451,1.90989e+06,-536665,2.18472e+06,-1.03024e+06,2.20905e+06,-1.52449e+06,1.87987e+06,-644244,1.7269e+06,-601564,1.71024e+06,-661261,1.70254e+06,-1.233e+06,1.66324e+06,-1.37385e+06,730114,2e-06,876342,213166,730114,213166,876342,2e-06,-1.70254e+06,-1.233e+06,-2.20905e+06,-1.52449e+06,-1.66324e+06,-1.37385e+06,-1.71024e+06,-661261,-727737,-387143,-572555,-696396,-515260,-901755,1.97126e+06,3e-06,738639,213166,738639,3e-06,1.97126e+06,213166,572555,-696396,515260,-901755,727737,-387143,-1.82504e+06,3e-06,-805006,213166,-1.82504e+06,213166,-805006,3e-06,-115356,3e-06,-177333,213166,-177333,3e-06,-115356,213166,-804960,3e-06,-501685,213166,-804960,213166,-501685,3e-06,-452241,-246059,-744392,-327446,-324819,-627278,738639,3e-06,481442,213166,481442,3e-06,516912,3e-06,516912,213166,730114,3e-06,452241,-246059,324819,-627278,744392,-327446,90003.4,2e-06,491954,213166,90003.4,213166,491954,3e-06,177333,213166,115356,3e-06,177333,3e-06,115356,213166,-1.82504e+06,3e-06,-1.98385e+06,3e-06,3669.09,2e-06,115356,2e-06,3669.09,213166,-1.87987e+06,-644244,-1.90989e+06,-536665,-1.7269e+06,-601564,-2.18472e+06,-1.03024e+06,-2.29263e+06,-643451,-3669.09,2e-06,-405225,213166,-405225,2e-06,-3669.09,213166,-2.53748e+06,3e-06,-2.38122e+06,3e-06,-2.53748e+06,213166,2.33524e+06,-1.07223e+06,-874759,213166,-405225,2e-06,-874759,2e-06,1.96880e+06,213166,2.53502e+06,3e-06,2.53502e+06,213166,1.96880e+06,3e-06,-2.33524e+06,-1.07223e+06]],
    "vertices": [0.658952,1.23132,1.57089,0.200914,0.985604,1.57102,0.658952,0.985604,1.57089,0.200914,1.23132,1.57102,0.200914,1.23132,1.57102,0.658952,1.23132,1.57089,0.200774,1.23132,1.10815,0.02049,1.23132,0.56698,0.658914,1.23132,1.44214,0.841978,1.23132,1.44209,0.841957,1.23132,1.37065,0.673211,1.23132,0.733513,0.67316,1.23132,0.564958,0.673211,0.985604,0.733513,0.67316,1.23132,0.564958,0.673211,1.23132,0.733513,0.67316,0.985604,0.564958,0.673211,0.985604,0.733513,0.02049,0.985604,0.56698,0.67316,0.985604,0.564958,0.841957,0.985604,1.37065,2.01774,0.985604,1.37029,2.09412,0.985604,0.97884,2.09404,0.985604,0.733084,0.673211,0.985604,0.733513,2.09404,1.23132,0.733084,2.09404,0.985604,0.733084,0.673211,1.23132,0.733513,2.09412,1.23132,0.97884,2.09404,1.23132,0.733084,2.01774,1.23132,1.37029,0.841957,0.985604,1.37065,2.01774,1.23132,1.37029,0.841957,1.23132,1.37065,2.01774,0.985604,1.37029,2.01776,0.985604,1.44173,2.01774,1.23132,1.37029,2.01774,0.985604,1.37029,2.01776,1.23132,1.44173,2.01776,0.985604,1.44173,2.36734,1.23132,1.44149,2.01776,1.23132,1.44173,2.36734,0.985604,1.44149,2.36734,0.985604,1.44149,2.01776,0.985604,1.44173,2.39059,0.985604,0.978751,2.09412,0.985604,0.97884,2.39059,1.23132,0.978751,2.39059,0.985604,0.978751,2.09412,1.23132,0.97884,2.09412,0.985604,0.97884,2.09404,1.23132,0.733084,2.09412,1.23132,0.97884,2.09404,0.985604,0.733084,2.36734,1.23132,1.44149,2.39059,1.23132,0.978751,2.01776,1.23132,1.44173,2.36734,0.985604,1.44149,2.39059,1.23132,0.978751,2.36734,1.23132,1.44149,2.39059,0.985604,0.978751,0.841957,1.23132,1.37065,0.841978,0.985604,1.44209,0.841957,0.985604,1.37065,0.841978,1.23132,1.44209,0.658914,1.23132,1.44214,0.841978,0.985604,1.44209,0.841978,1.23132,1.44209,0.658914,0.985604,1.44214,0.658914,1.23132,1.44214,0.658952,0.985604,1.57089,0.658914,0.985604,1.44214,0.658952,1.23132,1.57089,0.658914,0.985604,1.44214,0.658952,0.985604,1.57089,0.841978,0.985604,1.44209,0.200774,0.985604,1.10815,0.200914,0.985604,1.57102,0.200914,0.985604,1.57102,0.200774,1.23132,1.10815,0.200774,0.985604,1.10815,0.200914,1.23132,1.57102,0.200774,1.23132,1.10815,0.020653,0.985604,1.10821,0.200774,0.985604,1.10815,0.020653,1.23132,1.10821,0.020653,1.23132,1.10821,0.02049,1.23132,0.56698,0.020653,0.985604,1.10821,0.020653,1.23132,1.10821,0.02049,0.985604,0.56698,0.67316,1.23132,0.564958,0.02049,0.985604,0.56698,0.02049,1.23132,0.56698,0.67316,0.985604,0.564958,0.020653,0.985604,1.10821],
    "name": "Mesh01.001Geometry"
}
